<?xml version="1.0" encoding="UTF-8"?><?xml-stylesheet type='text/xsl' href='_UpgradeReport_Files/UpgradeReport.xslt'?><UpgradeLog>
<Properties><Property Name="Solution" Value="pre-intel">
</Property><Property Name="Solution File" Value="C:\scott\research\corps of engineers\tomcole\w2code\version 37\ivf\win32\preprocessor\pre\pre-intel\pre-intel.sln">
</Property><Property Name="Date" Value="Thursday, April 14, 2011">
</Property><Property Name="Time" Value="8:44 AM">
</Property></Properties><Event ErrorLevel="0" Project="" Source="pre-intel.sln" Description="Solution converted successfully">
</Event><Event ErrorLevel="3" Project="" Source="pre-intel.sln" Description="Converted">
</Event></UpgradeLog>